Age Group,Qty,Amount,Order_Count,Order_Percentage,Amount_Percentage
20대,150,761340,112,9.180327868852459,8.833121595516959
30대,739,2989690,412,33.77049180327869,34.686599026586144
40대,669,1803290,298,24.42622950819672,20.921900651456347
50대,519,2517900,301,24.672131147540984,29.212857416334558
,3,3500,1,0.08196721311475409,0.04060725245528851
,109,543430,96,7.868852459016394,6.304914057650697
