Category,Qty,Amount,Qty_Percentage,Amount_Percentage,Avg_Amount,Revenue_Rank,Qty_Rank,Avg_Amount_Rank
과일,743,3967350,33.94243947007766,46.029480865282544,9582.971014492754,1,2,1
유제품,602,2262100,27.501142074006395,26.245047365459474,6500.287356321839,3,3,2
채소,844,2389700,38.55641845591594,27.725471769257993,5217.68558951965,2,1,3
