Gender,Qty,Amount,Order_Count,Order_Percentage,Amount_Percentage
F,719,3963350,612,50.1639344262295,45.983072576762204
M,1470,4655800,608,49.8360655737705,54.016927423237796
