Has_Promo,Total_Qty,Avg_Qty,Total_Amount,Avg_Amount,Order_Count
No Promo,154,1.4951456310679612,387700,3764.0776699029125,103
With Promo,2035,1.8218442256042973,8231450,7369.247985675917,1117
