Region,Qty,Amount,Order_Count,Order_Percentage,Amount_Percentage
경기도,490,2020270,244,20.0,23.43931826224164
서울,1699,6598880,976,80.0,76.56068173775836
